{ "data" : [ 
    [ -0.309017, 0.000000, -0.951056 ],
    [ 0.309017, 0.000000, -0.951056 ],
    [ 0.000000, -0.500000, -0.866025 ],
    [ 0.000000, 0.580892, -0.813980 ],
    [ 0.509037, 0.500000, -0.700629 ],
    [ -0.509037, 0.500000, -0.700629 ],
    [ 0.478446, -0.580892, -0.658524 ],
    [ -0.478446, -0.580892, -0.658524 ],
    [ -0.809017, 0.000000, -0.587785 ],
    [ 0.809017, 0.000000, -0.587785 ],
    [ 0.000000, -0.866025, -0.500000 ],
    [ 0.293893, 0.866025, -0.404509 ],
    [ -0.293893, 0.866025, -0.404509 ],
    [ -0.823639, -0.500000, -0.267617 ],
    [ 0.823639, -0.500000, -0.267617 ],
    [ -0.774141, 0.580892, -0.251534 ],
    [ 0.774141, 0.580892, -0.251534 ],
    [ -0.475528, -0.866025, -0.154509 ],
    [ 0.475528, -0.866025, -0.154509 ],
    [ 0.000000, 1.000000, 0.000000 ],
    [ 0.000000, -1.000000, 0.000000 ],
    [ 1.000000, 0.000000, 0.000000 ],
    [ -1.000000, 0.000000, 0.000000 ],
    [ 0.475528, 0.866025, 0.154509 ],
    [ -0.475528, 0.866025, 0.154509 ],
    [ -0.774141, -0.580892, 0.251534 ],
    [ 0.774141, -0.580892, 0.251534 ],
    [ 0.823639, 0.500000, 0.267617 ],
    [ -0.823639, 0.500000, 0.267617 ],
    [ -0.293893, -0.866025, 0.404509 ],
    [ 0.293893, -0.866025, 0.404509 ],
    [ 0.000000, 0.866025, 0.500000 ],
    [ -0.809017, 0.000000, 0.587785 ],
    [ 0.809017, 0.000000, 0.587785 ],
    [ 0.478446, 0.580892, 0.658524 ],
    [ -0.478446, 0.580892, 0.658524 ],
    [ -0.509037, -0.500000, 0.700629 ],
    [ 0.509037, -0.500000, 0.700629 ],
    [ 0.000000, -0.580892, 0.813980 ],
    [ 0.000000, 0.500000, 0.866025 ],
    [ -0.309017, 0.000000, 0.951056 ],
    [ 0.309017, 0.000000, 0.951056 ]
], 
  "num" : 42
}
